PRODUTOS,Cod,CUSTO
,,
G-ROLLZ | Bamboo Unbleached - 50 KS Papers (50 Booklets Display),GR02A-DIS,"120,50"
G-ROLLZ | Lightly Dyed Blue - 50 KS Papers (50 Booklets Display),GR05A-DIS,"117,57"
G-ROLLZ | Lightly Dyed Pink - 50 KS Papers (50 Booklets Display),GR06A-UD,"120,44"
G-ROLLZ | Medicago Extra Thin - 50 KS Papers (50 Booklets Display),GR07A-UD,"120,44"
G-ROLLZ | Bamboo Unbleached - 50 '1¼' Papers (50 Booklets Display),GR302A-DIS,"90,65"
G-ROLLZ | Lightly Dyed Pink - 50 '1¼' Papers (50 Booklets Display),GR306A-DIS,"90,65"
G-ROLLZ | Medicago  Extra Thin - 50 '1¼' Papers (25 Booklets Display),GR307A-DIS,"53,94"
G-ROLLZ | Banksy's Graffiti KS Set 4 - Bamboo Unbleached - 50 KS Papers + Tips & Tray,BG71A-DIS,"126,20"
G-ROLLZ | Banksy's Graffiti KS Set 9 - Lightly Dyed Pink - 50 KS Papers + Tips & Tray,BG75B-DIS,"126,20"
G-ROLLZ | Banksy's Graffiti - Organic Extra Thin - 50 '1¼' Papers + Tips (24 Booklets Display),BG352A-DIS,"128,26"
G-ROLLZ | Banksy's Graffiti - Bamboo Unbleached - 50 KS Papers + Tips (24 Booklets Display),BG31A-DIS,"129,38"
G-ROLLZ | Cheech & Chong™ Mix Set 2 - Medicago Extra Thin - 50 KS Papers + Tips & Tray,CC76A-DIS,"125,11"
G-ROLLZ | Cheech & Chong™ - Organic Green - 50 '1¼' Papers + Tips (24 Booklets Display),CC353A-DIS,"119,62"
G-ROLLZ | Cheech & Chong™ - Medicago Extra Thin - 50 KS Papers + Tips (24 Booklets Display),CC36A-DIS,"128,12"
G-ROLLZ | 'Kung Fu Dogs' Bamboo Unbleached - 50 KS Papers + Tips & Tray (16 Booklets Display),PR71A-DIS,"126,34"
G-ROLLZ | 'Reggae Rap' - Medicago Extra Thin - 50 KS Papers + Tips & Tray,PR76B-DIS,"125,11"
G-ROLLZ | 'Vegas Pop' - Organic Extra Thin - 50 KS Papers + Tips & Tray (16 Booklets Display),PR72C-DIS,"126,34"
G-ROLLZ | 'Mexican Diamonds' - Lightly Dyed Pink - 50 KS Papers + Tips & Tray (16 Booklets Display),PR75A-DIS,"126,34"
G-ROLLZ | 'Psychedelic - Roxy' - Medicago Extra Thin - 50 KS Papers + Tips & Tray,PR76A-DIS,"125,11"
G-ROLLZ | KS Organic  Extra Thin Pre-Rolled Single Cones 72pcs in Display,GR1150C-DIS,"98,87"
G-ROLLZ | KS Bio Green Pre-Rolled Single Cones 72pcs in Display,GR1150D-DIS,"98,87"
G-ROLLZ | KS Bamboo Unbleached Pre-Rolled Single Cones 72pcs in Display,GR1150B-DIS,"96,39"
"G-ROLLZ | 2x Original  Pre-Rolled  Wraps (15 pack Display, 30 wraps)",GR1520A-DIS,"64,58"
"G-ROLLZ | 2x Mango Kush Pre-Rolled  Wraps (15 pack Display, 30 wraps)",GR1520B-DIS,"64,58"
"G-ROLLZ | 2x Banana OG Kush Pre-Rolled  Wraps (15 pack Display, 30 wraps)",GR1520E-DIS,"64,58"
"G-ROLLZ | 2x White Chocolate Pre-Rolled  Wraps (15 pack Display, 30 wraps)",GR1520F-DIS,"64,58"
G-ROLLZ Golden Cone Display 6pcs (24k GOLD),GR1575A-DIS,"236,04"
G-ROLLZ | Banksy's Graffiti - Bamboo Unbleached - 3 KS Cones In Each Pack and 24 packs in Display,BG1152KA-DIS,"104,78"
G-ROLLZ | Banksy's Graffiti - Organic Extra Thin - 3 KS Cones In Each Pack and,BG1153KA-DIS,"166,51"
"G-ROLLZ | 4x Strawberry Flavoured Wraps + Corn Husk Tips (15 pack Display, 60 wraps) - 'Pop'",PR1515A-DIS,"64,68"
G-ROLLZ | 4x Bubblegum Flavoured Wraps + Corn Husk Tips- 'Diamonds',PR1515B-DIS,"64,68"
"G-ROLLZ | 4x Grape Flavoured  Wraps + Corn Husk Tips (15 pack Display, 60 wraps) - 'Rap'",PR1515D-DIS,"64,68"
"G-ROLLZ | Banksy's Graffiti 'Thug for Life' PINK Filter Tips 2,5 X 6cm 50 Tips Book 24/Display",BG1902C-DIS,"57,93"
"G-ROLLZ | Pets Rock 'Two Rap' Blue Filter Tips 2,5 X 6cm 50 Tips Book 24/Display",PR1902A-DIS,"57,93"
"G-ROLLZ | Pets Rock 'Rap' Green Filter Tips 2,5 X 6cm 50 Tips Book 24/Display",PR1902D-DIS,"57,93"
"G-ROLLZ | Pets Rock 'Reggae' Yellow Filter Tips 2,5 X 6cm 50 Tips Book 24/Display",PR1902E-DIS,"57,93"
G-ROLLZ | Pets Rock - Organic Green  - 3 KS Cones In Each Pack and 24 Packs In Display,PR1154KA-DIS,"104,78"
G-ROLLZ | Pets Rock - Organic Extra Thin - 6 KS Cones In Each Pack and 24 Packs In Display,PR1173KA-DIS,"167,21"
G-ROLLZ | Pets Rock - Organic Green  - 6 KS Cones In Each Pack and 24 Packs In Display,PR1174KA-DIS,"171,26"
G-ROLLZ | Pets Rock - Lightly Dyed Pink - 6 '1¼' Cones Display,PR1176QA-DIS,"114,61"
"G-ROLLZ | 2x Strawberry Flavoured Pre-Rolled Wraps (15 pack Display, 30 wraps) - 'Pop'",PR1520A-DIS,"62,42"
"G-ROLLZ | 2x Bubblegum Pre-Rolled Wraps (15 pack Display, 30 wraps) - 'Diamonds'",PR1520B-DIS,"62,42"
"G-ROLLZ | 2x Mango Pre-Rolled Wraps (15 pack Display, 30 wraps) - Reggae",PR1520C-DIS,"62,42"
"G-ROLLZ | 2x Grape Pre-Rolled Wraps (15 pack Display, 30 wraps) - Rap",PR1520D-DIS,"62,42"
G-ROLLZ | Banksy's Graffiti - 2x 'All Natural' Pre-Rolled   Wraps,BG1545A-DIS,"68,88"
G-ROLLZ | Banksy's Graffiti - 2x 'Berry Sweet' Pre-Rolled Wraps,BG1545B-DIS,"68,88"
G-ROLLZ | Banksy's Graffiti - 2x 'Lemon Haze' Pre-Rolled Wraps,BG1545C-DIS,"68,88"
G-ROLLZ | Banksy's Graffiti - 2x 'Orange Bud' Pre-Rolled Wraps,BG1545D-DIS,"68,88"
"G-Rollz | 2x 'Candy Crunched'  Cones (12 pack Display,24 wraps)- Papel para enrolar cigarro cada caixa contendo 12 embalagens com 2 uns",GR1546D-DIS,"68,88"
"G-Rollz | 2x 'Dutch Blend'  Cones (12 pack Display,24 wraps)- Papel para enrolar cigarro cada caixa contendo 12 embalagens com 2 uns",GR1546F-DIS,"68,88"
G-ROLLZ | ‘Bloody Orange’  2  BLUNT CONES  - KING SIZE 2 Cones / Pack • 12 Packs / Display- Papel para enrolar cigarro cada caixa contendo 12 embalagens com 2 uns,GR1545A-DIS,"68,88"
G-ROLLZ | ‘Mango Pulp’  2 BLUNT CONES  - KING SIZE 2 Cones / Pack • 12 Packs / Display- Papel para enrolar cigarro cada caixa contendo 12 embalagens com 2 uns,GR1545B-DIS,"68,88"
G-Tube | Banksy's Graffiti - Umbrella Girl -36pcs Cone Holders in Display,BG1500D-DIS,"101,78"
G-Tube | Banksy's Graffiti - Balloon Girl -36pcs Cone Holders in Display,BG1500E-DIS,"101,78"
G-Tube | Grassroot Skeleton Cone Holders 36pcs in Display,GR1500A-DIS,"101,78"
G-Tube | Amsterdam Picnic Cone Holders 36pcs in Display,GR1500E-DIS,"101,78"
G-Tube | Amsterdam Picnic Red Cone Holders 36pcs in Display,GR1500F-DIS,"101,78"
G-Tube | Breakfast - Cone Holders 36pcs in Display,PR1500A-DIS,"101,78"
G-Tube | Two Rap - Cone Holders 36pcs in Display,PR1500D-DIS,"101,78"
G-Tube | Tramp - Cone Holders 36pcs in Display,PR1500K-DIS,"101,78"
G-Tube | Rap - Cone Holders 36pcs in Display,PR1500P-DIS,"101,78"
G-ROLLZ | Travel Bamboo Tray 15x14.5cm,GR03204A,"47,42"
G-ROLLZ | Disc Bamboo Tray 20x20cm,GR03209A,"77,22"
G-ROLLZ | Collector 'Mushroom Lady' Pink - 50 KS Papers + Tips (24 Booklets Display),GR35G-DIS,"132,94"
G-ROLLZ | Pets Rock 'Rap' Unbleached - 50 KS Papers + Tips (24 Booklets Display),PR30G-DIS,"132,94"
G-ROLLZ | Pets Rock 'Reggae' Green - 50 KS Papers + Tips (24 Booklets Display),PR33G-DIS,"132,94"
G-ROLLZ | Cheech & Chong™ 'Vintage Faces' Organic - 50 KS Papers + Tips (24 Booklets Display),CC32G-DIS,"132,94"
Dunkees | Tin Tray Small - Old Hollywood Rolling Tray 14 x 18cm,DKT052,"19,80"
Dunkees | Tin Tray Small - Dab of the Dead  Rolling Tray 14 x 18cm,DKT054,"19,80"
G-Rollz | Banksy's Graffiti Ashtrays 12pcs in Display - Dia: 13.5cm,BG3401-DIS1,"71,98"
G-ROLLZ | Banksy Graffiti 'Cop on Cop' Blue - 50 KS Papers + Tips (24 Booklets Display),BG34G-DIS,"132,94"
G-ROLLZ | Banksy Graffiti 'Thug For Life' Pink - 50 KS Papers + Tips (24 Booklets Display),BG35G-DIS,"132,94"
G-ROLLZ | Banksy's 'Lizzie Stardust' Small Tray 14x18 cm,BG3300D,"13,02"
G-ROLLZ | Banksy's 'Flower Thrower Pink' Small Tray 14x18 cm,BG3300G,"13,02"
G-ROLLZ | Banksy's 'Torch Boy' Medium Tray 17.5 x 27.5 cm,BG3301C,"15,54"
G-ROLLZ | Banksy's 'Lizzie Stardust' Medium Tray 17.5 x 27.5 cm,BG3301D,"15,54"
G-ROLLZ | Banksy's 'Flower Thrower Pink' Medium Tray 17.5 x 27.5 cm,BG3301G,"15,54"
G-ROLLZ | Banksy's 'Bulletproof Dove' Medium Tray 17.5 x 27.5 cm,BG3301K,"15,54"
G-ROLLZ | Banksy's Graffiti 'Cop on Cop' Small Tray 14x18 cm,BG3300J,"14,24"
"G-ROLLZ | Banksy's Graffiti 'Spy Booth' Medium Tray
17.5 x 27.5 cm",BG3301B,"16,34"
G-ROLLZ | Banksy's Graffiti  Small Storage Box Display Set 1 - 12x4x2.5 cm,BG3350-DIS1,"134,92"
G-ROLLZ | Banksy's Graffiti  Small Storage Box Display Set 3 - 12x4x2.5 cm,BG3350-DIS3,"141,64"
G-Rollz | Banksy's Graffiti Large Storage Boxes 15pcs in Display - 13.5x8.5x3 cm,BG3352-DIS2,"146,67"
"G-ROLLZ | Banksy's Graffiti - Medium Storage Boxes Set 3 - 15pcs, 11.5cm x 6.5cm x 2.3cm",BG3351-DIS3,"110,23"
"G-ROLLZ | Banksy's Graffiti - Medium Storage Boxes Set 5 - 15pcs, 11.5cm x 6.5cm x 2.3cm",BG3351-DIS5,"110,23"
G-ROLLZ | Pets Rock 'Grunge' Unbleached - 50 KS Papers + Tips (24 Booklets Display),PR30J-DIS,"132,94"
G-ROLLZ | Pets Rock 'Soup' Pink - 50 KS Papers + Tips (24 Booklets Display),PR35G-DIS,"132,94"
G-Rollz | Cheech & Chong 'Camo' 100x125mm Smellproof Bags - 8pcs in Display,CC4040A,"10,16"
G-Rollz | 'Muschroom Lady' 150x200 mm Smellproof Bags - 25pcs in Display,GR4050B,"46,39"
G-Rollz | 'Picnic' Smell Proof Bags 200 x 300mm - 25pcs in Display,GR4055A,"10,64"
G-Rollz | Cheech & Chong Ashtrays 12pcs in Display - Dia: 13.5cm,CC3401-DIS1,"75,35"
G-Rollz | Cheech & Chong Ashtrays 12pcs in Display - Dia: 13.5cm,CC3401-DIS2,"75,35"
G-ROLLZ | Cheech & Chong™ Small Storage Box 24pcs in Display Set 2 - 12x4x2.5 cm,CC3350-DIS2,"141,64"
G-ROLLZ | Cheech & Chong™ - Medium Storage Boxes 15pcs in Display - 11.5x6.5x2.3 cm,CC3351-DIS1,"115,31"
G-Rollz | Cheech & Chong Large Storage Boxes 15pcs in Display - 13.5x8.5x3 cm,CC3352-DIS2,"146,67"
G-ROLLZ | Cheech & Chong™ - Bamboo Unbleached - 3 KS Cones In Each Pack and 24 Packs In Display,CC1152KA-DIS,"107,43"
G-ROLLZ | Cheech & Chong™ - Organic  Extra Thin - 3 KS Cones In Each Pack,CC1153KA-DIS,"107,43"
G-ROLLZ | Cheech & Chong™ - Organic Green  - 3 KS Cones In Each Pack and 24 Packs In Display,CC1154KA-DIS,"107,43"
G-ROLLZ | Cheech & Chong™ - Organic  Extra Thin - 6 KS Cones In Each Pack,CC1173KA-DIS,"171,33"
G-ROLLZ | Cheech & Chong™ - Bamboo Unbleached - 6 KS Cones In Each Pack and 24 Packs In Display,CC1172KA-DIS,"171,33"
G-ROLLZ | Banksy's Graffiti KS Set 7 - Organic Extra Thin - 50 KS Papers + Tips & Tray,BG72B-DIS,"129,50"
G-ROLLZ | Cheech & Chong™ - Organic Green - 50 '1¼' Papers + Tips & Tray (16 Booklets Display),CC403A-DIS,"128,42"
G-ROLLZ | Cheech & Chong™ 'In da Chair' Medium Tray 17.5 x 27.5 cm,CC3301C,"15,54"
G-ROLLZ | Cheech & Chong™ 'High Rollers' Medium Tray 17.5 x 27.5 cm,CC3301A,"16,34"
"G-ROLLZ | Cheech & Chong™ 'Camo' Medium Tray
17.5 x 27.5 cm",CC3301E,"16,34"
"G-ROLLZ | Cheech & Chong™ 'Badge' Medium Tray
17.5 x 27.5 cm",CC3301F,"16,34"
G-Rollz | Pets Rock Ashtrays 12pcs in Display - Dia: 13.5cm,PR3401-DIS5,"71,98"
G-Rollz | Pets Rock Ashtrays 12pcs in Display - Dia: 13.5cm,PR3401-DIS6,"71,98"
G-ROLLZ | 'Glam Rock' Medium Tray 17.5 x 27.5 cm,PR3301R,"13,51"
G-ROLLZ | 'Rap' Medium Tray 17.5 x 27.5 cm,PR3301A,"15,54"
G-ROLLZ | 'Reggae' Medium Tray 17.5 x 27.5 cm,PR3301B,"15,54"
G-ROLLZ | 'Hit-Dogs' Medium Tray 17.5 x 27.5 cm,PR3301C,"16,34"
G-ROLLZ | 'Kung Fu' Medium Tray 17.5 x 27.5 cm,PR3301G,"15,54"
G-ROLLZ | 'Pop' Medium Tray 17.5 x 27.5 cm,PR3301H,"15,54"
G-ROLLZ | 'Mexico' Medium Tray 17.5 x 27.5 cm,PR3301K,"16,34"
G-ROLLZ | 'Kitchener' Medium Tray 17.5 x 27.5 cm,PR3301Q,"16,34"
G-ROLLZ | 'Brain' Medium Tray 17.5 x 27.5 cm,PR3301P,"15,54"
G-Rollz | Pets Rock Ashtrays 12pcs in Display - Dia: 13.5cm,PR3401-DIS1,"75,35"
G-Rollz | Pets Rock Ashtrays 12pcs in Display - Dia: 13.5cm,PR3401-DIS2,"75,35"
G-Rollz | Pets Rock Ashtrays 12pcs in Display - Dia: 13.5cm,PR3401-DIS3,"75,35"
G-Rollz | Pets Rock Ashtrays 20pcs in Display - Dia: 13.5cm,PR3401-DIS7,"75,35"
G-ROLLZ | Pets Rock Small Storage Box 24pcs in Display Set 2 - 12x4x2.5 cm,PR3350-DIS2,"141,64"
"G-ROLLZ | Pets Rock - Medium Storage Boxes Set 1 - 15pcs, 11.5cm x 6.5cm x 2.3cm",PR3351-DIS1,"110,23"
"G-ROLLZ | Pets Rock - Medium Storage Boxes Set 2 - 15pcs, 11.5cm x 6.5cm x 2.3cm",PR3351-DIS2,"115,31"
"G-ROLLZ | Pets Rock - Medium Storage Boxes Set 5 15pcs, 11.5cm x 6.5cm x 2.3cm",PR3351-DIS5,"119,27"
"G-ROLLZ | Pets Rock - Medium Storage Boxes Set 4 - 15pcs, 11.5cm x 6.5cm x 2.3cm",PR3351-DIS4,"110,23"
G-Rollz | Pets Rock Large Storage Boxes 15pcs in Display - 13.5x8.5x3 cm,PR3352-DIS1,"135,98"
G-Rollz | Pets Rock Large Storage Boxes 15pcs in Display - 13.5x8.5x3 cm,PR3352-DIS2,"139,19"
G-Tube | Reggae - Cone Holders 36pcs in Display,PR1500H-DIS,"97,95"
G-Tube | Rap - Cone Holders 36pcs in Display,PR1500P,"97,95"
G-Tube | Vegas - Cone Holders 36pcs in Display,PR1500M-DIS,"97,95"
G-Rollz | Banksy's 'Flower Thrower' 150x200 mm Smellproof Bags - 25pcs in Display,BG4050A,"11,01"
G-Rollz | 'Reggae' 100x150 mm Smellproof Bags - 6pcs per Display,PR4045B,"12,87"
G-Rollz | 'Kung Fu' 100x125 mm Smellproof Bags - 8pcs in Display,PR4040B,"15,79"
G-Rollz | 'Rap' 200x300mm Smellproof Bags - 25pcs in Display,PR4055A,"94,32"
G-ROLLZ | 'Canna Lions' Medium Tray 27.5 x 17.5 cm,GR3301A,"16,34"
G-Rollz | Banksy's Graffiti Lighters 30pcs in Display,BG3450-DIS3,"83,87"
G-Rollz | Banksy's Graffiti Lighters 30pcs in Display,BG3450-DIS7,"83,87"
G-Rollz | Amsterdam Picnic Lighters 30pcs in Display,GR3450-DIS1,"83,87"
G-Rollz | Amsterdam Picnic Lighters 30pcs in Display,GR3450-DIS2,"83,87"
G-Rollz | Pets Rock Lighters 30pcs in Display,PR3450-DIS1,"83,87"
G-Rollz | Pets Rock Lighters 30pcs in Display,PR3450-DIS2,"83,87"
G-Rollz | Pets Rock Lighters 30pcs in Display,PR3450-DIS3,"83,87"
G-Rollz | Pets Rock Lighters 30pcs in Display,PR3450-DIS4,"83,87"
G-ROLLZ | KS Lightly Dyed Blue Pre-Rolled Single Cones 72pcs in Display,GR1150E-DIS,"96,39"
G-ROLLZ | KS Lightly Dyed Pink Pre-Rolled Single Cones 72pcs in Display,GR1150F-DIS,"96,39"
"G-Rollz | 2x Russian Cream Flavored Pre-Rolled Cones (12 Pack Display, 24 Blunts)",GR1521G-DIS,"57,84"
"G-Rollz | 2x Passion Fruit Flavored Pre-Rolled Cones (12 Pack Display, 24 Blunts)",GR1521H-DIS,"59,84"
"G-Rollz | 2x Honey Flavored Pre-Rolled Cones (12 Pack Display, 24 Blunts)",DK1521J-DIS,"57,84"
"G-Rollz | 2x Orange Flavored Pre-Rolled Cones (12 Pack Display, 24 Blunts)",DK1521K-DIS,"57,84"
"G-Rollz | 2x Blueberry Flavored Pre-Rolled Cones (12 Pack Display, 24 Blunts)",PR1521F-DIS,"57,84"
"G-Rollz | 2x Multifruit Flavored Pre-Rolled Cones (12 Pack Display, 24 Blunts)",PR1521E-DIS,"59,84"
"G-Rollz | 2x Mango Flavored Pre-Rolled Cones (12 Pack Display, 24 Blunts)",PR1521C-DIS,"59,84"
"G-Rollz | 2x Grape Flavored Pre-Rolled Cones (12 Pack Display, 24 Blunts)",PR1521D-DIS,"57,84"
"G-Rollz | 2x Strawberry Flavored Pre-Rolled Cones (12 Pack Display, 24 Blunts)",PR1521A-DIS,"59,84"
"G-Rollz | 4x Strawberry Flavored Wraps (15 Pack Display, 60 Blunts)",PR1516A-DIS,"57,84"
"G-Rollz | 4x Mango Flavored Wraps (15 Pack Display, 60 Blunts)",PR1516C-DIS,"57,76"
"G-Rollz | 4x Grape Flavored Wraps (15 Pack Display, 60 Blunts)",PR1516D-DIS,"59,84"
"G-Rollz | 4x Multifruit Flavored Wraps (15 Pack Display, 60 Blunts)",PR1516E-DIS,"59,84"
"G-Rollz | 4x Blueberry Flavored Wraps (15 Pack Display, 60 Blunts)",PR1516F-DIS,"59,84"
"G-Rollz | 4x Orange Flavored Wraps (15 Pack Display, 60 Blunts)",DK1516K-DIS,"59,84"
"G-Rollz | 4x Honey Flavored Wraps (15 Pack Display, 60 Blunts)",DK1516J-DIS,"59,84"
"G-Rollz | 4x Russian Cream Flavored Wraps (15 Pack Display, 60 Blunts)",GR1516G-DIS,"59,84"
G-ROLLZ | Cheech & Chong™ -WATERMELON SUNRISE 2 BLUNT CONES / TUBE 12 Tubes / Display,CC1532A-DIS,"114,51"
G-ROLLZ | Cheech & Chong™ -Strawberry Cheesecake 2 BLUNT CONES / TUBE 12 Tubes / Display- Papel para enrolar cigarro cada caixa contendo 12 embalagens com 2 uns,CC1532C-DIS,"114,51"
G-ROLLZ | Cheech & Chong™ -TROPICANA COOKIES  2 BLUNT CONES / TUBE 12 Tubes / Display,CC1532D-DIS,"114,51"
G-ROLLZ | Cheech & Chong™ -BLUEBERRY COOKIES 2 BLUNT CONES / TUBE 12 Tubes / Display,CC1532B-DIS,"111,74"
G-ROLLZ | Cheech & Chong™ -GREEN PUNCH  2 BLUNT CONES / TUBE 12 Tubes / Display,CC1532F-DIS,"114,51"
G-ROLLZ | Cheech & Chong™ - DUCH BLEND 2 BLUNT CONES / TUBE 12 Tubes / Display,CC1532E-DIS,"114,51"